{"cameraMode":{"drawMode":0,"name":"Shaded","section":"Shading Mode"},"sceneLighting":true,"audioPlay":false,"sceneViewState":{"m_AlwaysRefresh":false,"showFog":true,"showSkybox":true,"showFlares":true,"showImageEffects":true,"showParticleSystems":true,"showVisualEffectGraphs":true,"m_FxEnabled":true},"in2DMode":false,"pivot":{"x":6.893217086791992,"y":0.9647705554962158,"z":-0.08455288410186768},"rotation":{"x":0.29838359355926516,"y":0.0028633326292037966,"z":-0.0008951544878073037,"w":0.9544416666030884},"size":7.983643531799316,"orthographic":true}